title,url,content
EDITION,,
IN,,
DELHI,,
14°C,,
,,
తాజా వార్తలు,https://www.eenadu.net/410#,
ఎక్కువ మంది చదివినవి (Most Read),https://www.eenadu.net/trending-news,
"KCR invited for Maha Kumbhabhishekam, Brahmotsavam at Yadagirigutta",https://telanganatoday.com/kcr-invited-for-maha-kumbhabhishekam-brahmotsavam-at-yadagirigutta,Failed to fetch content
"FTCCI hosts safety programme on fire, electrical hazards ahead of summer season in Hyderabad",https://telanganatoday.com/ftcci-hosts-safety-programme-on-fire-electrical-hazards-ahead-of-summer-season-in-hyderabad,Failed to fetch content
Telangana demands halt to Andhra Pradesh’s water drawls after postponement of KRMB meeting,https://telanganatoday.com/telangana-demands-halt-to-andhra-pradeshs-water-drawls-after-postponement-of-krmb-meeting,Failed to fetch content
KWDT-II final arguments: Telangana seeks 71 per cent of 811 TMC,https://telanganatoday.com/kwdt-ii-final-arguments-telangana-seeks-71-per-cent-of-811-tmc,Failed to fetch content
"byteXL celebrates milestone of 1,00,000 learners on NIMBUS platform",https://telanganatoday.com/bytexl-celebrates-milestone-of-100000-learners-on-nimbus-platform,Failed to fetch content
Hyderabad: Mentally unstable woman sexually assaulted by two persons in Miyapur,https://telanganatoday.com/hyderabad-mentally-unstable-woman-sexually-assaulted-by-two-persons-in-miyapur,Failed to fetch content
Telangana engineering students to have flexibility to earn 160 credits,https://telanganatoday.com/telangana-engineering-students-to-have-flexibility-to-earn-160-credits,Failed to fetch content
"Cyberabad cops crack ‘digital arrest’ cases, nab two persons from Tamil Nadu, gang from Kerala",https://telanganatoday.com/cyberabad-cops-crack-digital-arrest-cases-nab-two-persons-from-tamil-nadu-gang-from-kerala,Failed to fetch content
Megastar Chiranjeevi dismisses speculations about his mother Anjanamma’s health,https://telanganatoday.com/megastar-chiranjeevi-dismisses-speculations-about-his-mother-anjanammas-health,Failed to fetch content
New curbs on water drawals hurt Telangana farmers more than scarcity,https://telanganatoday.com/new-curbs-on-water-drawals-hurt-telangana-farmers-more-than-scarcity,Failed to fetch content
Hyderabad: Man held for sexually harassing daughter,https://telanganatoday.com/hyderabad-man-held-for-sexually-harassing-daughter,Failed to fetch content
HPRC World Arena Polo Championship 2025 from February 24 in Hyderabad,https://telanganatoday.com/hprc-world-arena-polo-championship-2025-from-february-24-in-hyderabad,Failed to fetch content
"Free chicken, egg mela draws huge crowds in Hyderabad",https://telanganatoday.com/free-chicken-egg-mela-draws-huge-crowds-in-hyderabad,Failed to fetch content
"Elusive tigress kills buffalo in Mancherial, triggers panic among local residents",https://telanganatoday.com/elusive-tigress-kills-buffalo-in-mancherial-triggers-panic-among-local-residents,Failed to fetch content
Hyderabad: Government City College hosts two-day national seminar on sustaniable lifestyle,https://telanganatoday.com/hyderabad-government-city-college-hosts-two-day-national-seminar-on-sustaniable-lifestyle,Failed to fetch content
"Quadrigenia 2025: Celebrating 40 years of Deccan College of Medical Sciences, Hyderabad",https://telanganatoday.com/quadrigenia-2025-celebrating-40-years-of-deccan-college-of-medical-sciences-hyderabad,Failed to fetch content
"Gaming house raided in Hyderabad, 18 persons held",https://telanganatoday.com/gaming-house-raided-in-hyderabad-18-persons-held,Failed to fetch content
Experience the wild treks and adventure trails of Telangana all though Feb and March,https://telanganatoday.com/experience-wild-treks-adventure-trails-telangana-though-feb-march,Failed to fetch content
Workshop on landscape resource conservation held at ICRISAT in Hyderabad,https://telanganatoday.com/workshop-on-landscape-resource-conservation-held-at-icrisat-in-hyderabad,Failed to fetch content
"Six-year-old boy stuck in lift in Hyderabad, rescued safely",https://telanganatoday.com/six-year-old-boy-stuck-in-lift-in-hyderabad-rescued-safely,Failed to fetch content
TIFR Hyderabad hosts symposium on scientific and technical contributions,https://telanganatoday.com/tifr-hyderabad-hosts-symposium-on-scientific-and-technical-contributions,Failed to fetch content
"Hyderabad: Illegally-run hookah parlour raided, two arrested in Chandrayangutta",https://telanganatoday.com/hyderabad-illegally-run-hookah-parlour-raided-two-arrested-in-chandrayangutta,Failed to fetch content
Telangana Horticulture dept to hold training programme on terrace farming on February 23,https://telanganatoday.com/telangana-horticulture-dept-to-hold-training-programme-on-terrace-farming-on-february-23,Failed to fetch content
Hyderabad: Cyber fraudsters dupe woman of Rs 7.4 lakh on pretext of updating KYC,https://telanganatoday.com/hyderabad-cyber-fraudsters-dupe-woman-of-rs-7-4-lakh-on-pretext-of-updating-kyc,Failed to fetch content
Telangana: Farmers clash for urea at PACS in Thimmapur,https://telanganatoday.com/telangana-farmers-clash-for-urea-at-pacs-in-thimmapur,Failed to fetch content
"Shooting at Louisville motor vehicle office, three killed",https://telanganatoday.com/shooting-at-louisville-motor-vehicle-office-three-killed,Failed to fetch content
EU Commission president along with top Europe leadership to visit India from Feb 27 to 28,https://telanganatoday.com/eu-commission-president-along-with-top-europe-leadership-to-visit-india-from-feb-27-to-28,Failed to fetch content
Woman gets jail term for attacking a man in courtroom in Kothagudem,https://telanganatoday.com/woman-gets-jail-term-for-attacking-a-man-in-courtroom-in-kothagudem,Failed to fetch content
"Jammu and Kashmir traders urge tourists to avoid liquor, drugs",https://telanganatoday.com/jammu-and-kashmir-traders-urge-tourists-to-avoid-liquor-drugs,Failed to fetch content
Man who tried to kill author Salman Rushdie in New York found guilty of attempted murder,https://telanganatoday.com/man-who-tried-to-kill-author-salman-rushdie-in-new-york-found-guilty-of-attempted-murder,Failed to fetch content
"Language row: Don’t throw stones at beehive, Tamil Nadu Chief Minister MK Stalin tells Dharmendra Pradhan",https://telanganatoday.com/language-row-dont-throw-stones-at-beehive-tamil-nadu-chief-minister-mk-stalin-tells-dharmendra-pradhan,Failed to fetch content
Centre to help red chilli farmers in Andhra Pradesh under MIS; ICAR to assess crop damage,https://telanganatoday.com/centre-to-help-red-chilli-farmers-in-andhra-pradesh-under-mis-icar-to-assess-crop-damage,Failed to fetch content
Low pupil-teacher ratio rings the alarm bell in Telangana schools,https://telanganatoday.com/low-pupil-teacher-ratio-rings-the-alarm-bell-in-telangana-schools,Failed to fetch content
Congress allegations on Formula-E Race undermined as SC backs PPP model setting aside Madras HC directions,https://telanganatoday.com/congress-allegations-on-formula-e-race-undermined-as-sc-backs-ppp-model-setting-aside-madras-hc-directions,Failed to fetch content
"Man who lost money to online games, makes futile bid to break ATM in Hyderabad",https://telanganatoday.com/man-who-lost-money-to-online-games-makes-futile-bid-to-break-atm-in-hyderabad,Failed to fetch content
"Marvell sets up data acceleration, offload research facility at IIT-Hyderabad",https://telanganatoday.com/marvell-sets-up-data-acceleration-offload-research-facility-at-iit-hyderabad,Failed to fetch content
SBI opens 10 new branches in Telangana,https://telanganatoday.com/sbi-opens-10-new-branches-in-telangana,Failed to fetch content
Apollo Cancer Centre in Hyderabad launches non-invasive thermal ablation procedure,https://telanganatoday.com/apollo-cancer-centre-in-hyderabad-launches-non-invasive-thermal-ablation-procedure,Failed to fetch content
GMR Hyderabad International Airport launches new flight services from Hyderabad to Medinah with IndiGO,https://telanganatoday.com/gmr-hyderabad-international-airport-launches-new-flight-services-from-hyderabad-to-medinah-with-indigo,Failed to fetch content
Horse riding is the new-found love of Hyderabad,https://telanganatoday.com/horse-riding-is-the-new-found-love-of-hyderabad,Failed to fetch content
#NTRNeel kick-starts shoot; epic action scene planned at RFC,https://telanganatoday.com/ntrneel-kick-starts-shoot-epic-action-scene-planned-at-rfc,Failed to fetch content
RRB extends last date to apply for Group-D posts,https://telanganatoday.com/rrb-extends-date-to-apply-for-group-d-posts,Failed to fetch content
Ryot questions Congress government’s failure to waive his crop loan,https://telanganatoday.com/ryot-questions-congress-governments-failure-to-waive-his-crop-loan,Failed to fetch content
GHMC official caught by wife with another woman,https://telanganatoday.com/ghmc-official-caught-by-wife-with-another-woman,Failed to fetch content
KRMB emergency meeting postponed to February 24,https://telanganatoday.com/krmb-emergency-meeting-postponed-to-february-24,Failed to fetch content
JNTU-Hyderabad reintroduces fourth Saturday as holiday,https://telanganatoday.com/jntu-hyderabad-reintroduces-fourth-saturday-as-holiday,Failed to fetch content
‘Dentists are not qualified to treat scalp and hair problems’,https://telanganatoday.com/dentists-are-not-qualified-to-treat-scalp-and-hair-problems,Failed to fetch content
Telangana government announces rebate for Land Regularisation Scheme,https://telanganatoday.com/telangana-government-announces-rebate-for-land-regularisation-scheme,Failed to fetch content
Hyderabad airport may see 50 mn passengers in 5 years,https://telanganatoday.com/hyderabad-airport-may-see-50-mn-passengers-in-5-years,Failed to fetch content
Krishna Board convenes emergency meeting on Friday,https://telanganatoday.com/krishna-board-convenes-emergency-meeting-on-friday,Failed to fetch content
Cyberabad police busts transnational crypto scam impersonating Morgan Stanley; Andhra youth arrested,https://telanganatoday.com/cyberabad-police-busts-transnational-crypto-scam-impersonating-morgan-stanley-andhra-youth-arrested,Failed to fetch content
Hyderabad: GHMC seizes Banjara hotel over Rs 1.4 crore unpaid property tax,https://telanganatoday.com/hyderabad-ghmc-seizes-hotel-banjara-hotel-over-rs-1-4-crore-unpaid-property-tax,Failed to fetch content
Phone tapping case: Accused alleges police harassment for confession against Harish Rao,https://telanganatoday.com/phone-tapping-case-accused-alleges-police-harassment-for-confession-against-harish-rao,Failed to fetch content
Telangana High Court raps HYDRAA for high-handedness,https://telanganatoday.com/telangana-high-court-raps-hydraa-for-high-handedness,Failed to fetch content
KTR urges Telangana High Court to quash pending cases against him,https://telanganatoday.com/ktr-urges-telangana-high-court-to-quash-pending-cases-against-him,Failed to fetch content
Telangana: IAS officers get fresh postings in major reshuffle,https://telanganatoday.com/telangana-ias-officers-get-fresh-postings-in-major-reshuffle,Failed to fetch content
Telangana: Farmers clash for urea at PACS in Thimmapur,https://telanganatoday.com/telangana-farmers-clash-for-urea-at-pacs-in-thimmapur,Failed to fetch content
"Shooting at Louisville motor vehicle office, three killed",https://telanganatoday.com/shooting-at-louisville-motor-vehicle-office-three-killed,Failed to fetch content
EU Commission president along with top Europe leadership to visit India from Feb 27 to 28,https://telanganatoday.com/eu-commission-president-along-with-top-europe-leadership-to-visit-india-from-feb-27-to-28,Failed to fetch content
Woman gets jail term for attacking a man in courtroom in Kothagudem,https://telanganatoday.com/woman-gets-jail-term-for-attacking-a-man-in-courtroom-in-kothagudem,Failed to fetch content
"Jammu and Kashmir traders urge tourists to avoid liquor, drugs",https://telanganatoday.com/jammu-and-kashmir-traders-urge-tourists-to-avoid-liquor-drugs,Failed to fetch content
Man who tried to kill author Salman Rushdie in New York found guilty of attempted murder,https://telanganatoday.com/man-who-tried-to-kill-author-salman-rushdie-in-new-york-found-guilty-of-attempted-murder,Failed to fetch content
"Language row: Don’t throw stones at beehive, Tamil Nadu Chief Minister MK Stalin tells Dharmendra Pradhan",https://telanganatoday.com/language-row-dont-throw-stones-at-beehive-tamil-nadu-chief-minister-mk-stalin-tells-dharmendra-pradhan,Failed to fetch content
Centre to help red chilli farmers in Andhra Pradesh under MIS; ICAR to assess crop damage,https://telanganatoday.com/centre-to-help-red-chilli-farmers-in-andhra-pradesh-under-mis-icar-to-assess-crop-damage,Failed to fetch content
Telangana government makes a strong case of its deprival at crucial KWDT hearing,https://telanganatoday.com/telangana-government-makes-a-strong-case-of-its-deprival-at-crucial-kwdt-hearing,Failed to fetch content
"BRS MLC Kavitha criticises Revanth, demands action on SC categorisation, Dalit Bandhu",https://telanganatoday.com/brs-mlc-kavitha-criticises-revanth-demands-action-on-sc-categorisation-dalit-bandhu,Failed to fetch content
"Chiranjeevi celebrates wedding anniversary with wife Surekha, shares heart-warming post on social media",https://telanganatoday.com/chiranjeevi-celebrates-wedding-anniversary-with-wife-surekha-shares-heart-warming-post-on-social-media,Failed to fetch content
"Fresh Krishna water row between Telangana, Andhra Pradesh",https://telanganatoday.com/fresh-krishna-water-row-between-telangana-andhra-pradesh,Failed to fetch content
"Man from AP comes to Hyderabad to celebrate birthday with friends, drowns in Keesara",https://telanganatoday.com/man-from-ap-comes-to-hyderabad-to-celebrate-birthday-with-friends-drowns-in-keesara,Failed to fetch content
Electricity department worker electrocuted in Keesara,https://telanganatoday.com/electricity-department-worker-electrocuted-in-keesara,Failed to fetch content
"Hyderabad: Married woman dies by suicide over harassment from husband, in-laws",https://telanganatoday.com/hyderabad-married-woman-dies-by-suicide-over-harassment-from-husband-in-laws,Failed to fetch content
Engineering tuition fee set to skyrocket as private colleges in Telangana propose steep hikes,https://telanganatoday.com/engineering-tuition-fee-set-to-skyrocket-as-private-colleges-in-telangana-propose-steep-hikes,Failed to fetch content
Hyderabad: She Teams nab 247 people for harassing women at Numaish 2025,https://telanganatoday.com/hyderabad-she-teams-nab-247-people-for-harassing-women-at-numaish-2025,Failed to fetch content
Hyderabad: Subject enrichment classes for Telangana SSC students from this date,https://telanganatoday.com/hyderabad-subject-enrichment-classes-for-telangana-ssc-students-from-this-date,Failed to fetch content
Uber goes cash-only model for auto-drivers,https://telanganatoday.com/uber-goes-cash-only-model-for-auto-drivers,Failed to fetch content
AIMIM preparing to contest Bihar Assembly Elections,https://telanganatoday.com/aimim-preparing-to-contest-bihar-assembly-elections,Failed to fetch content
Youth jailed for sexual harassing minor girl in Hyderabad,https://telanganatoday.com/youth-jailed-for-sexual-harassing-minor-girl-in-hyderabad,Failed to fetch content
Hyderabad Cybercrime cops help refund Rs 62 lakh to victims in February,https://telanganatoday.com/hyderabad-cybercrime-cops-help-refund-rs-62-lakh-to-victims-in-february,Failed to fetch content
Hyderabad: TGSRTC set to soon introduce digital payment process,https://telanganatoday.com/hyderabad-tgsrtc-set-to-soon-introduce-digital-payment-process,Failed to fetch content
WATCH: Picnic turns tragic; Hyderabad doctor who jumped into Tungabhadra river found dead,https://telanganatoday.com/watch-picnic-turns-tragic-hyderabad-doctor-who-jumped-into-tungabhadra-river-found-dead,Failed to fetch content
SNIST signs landmark MoU with Wipro to shape new-age industry-ready talent,https://telanganatoday.com/snist-signs-landmark-mou-with-wipro-to-shape-new-age-industry-ready-talent,Failed to fetch content
Unidentified persons broke into Sahara medical store in Hyderabad,https://telanganatoday.com/unidentified-persons-broke-into-sahara-medical-store-in-hyderabad,Failed to fetch content
"Fraudster held for rental car scam in Hyderabad, 26 vehicles recovered",https://telanganatoday.com/fraudster-held-for-rental-car-scam-in-hyderabad-26-vehicles-recovered,Failed to fetch content
Woman arrested with 60 gm MDMA in Hyderabad,https://telanganatoday.com/woman-arrested-with-60-gm-mdma-in-hyderabad,Failed to fetch content
"Telangana’s finances in freefall under Congress rule; revenues plummet, debts balloon, borrowing turns reckless",https://telanganatoday.com/telanganas-finances-in-freefall-under-congress-rule-revenues-plummet-debts-balloon-borrowing-turns-reckless,Failed to fetch content
ROS Medical Fitness Center launches Hyperbaric Oxygen Therapy in Hyderabad,https://telanganatoday.com/ros-medical-fitness-center-launches-hyperbaric-oxygen-therapy-in-hyderabad,Failed to fetch content
Police arrest container truck driver for transporting ganja in Hyderabad,https://telanganatoday.com/police-arrest-container-truck-driver-for-transporting-ganja-in-hyderabad,Failed to fetch content
Chandrababu Naidu seeks reimbursement for Polavaram project,https://telanganatoday.com/chandrababu-naidu-seeks-reimbursement-for-polavaram-project,Failed to fetch content
Telangana: Farmers clash for urea at PACS in Thimmapur,https://telanganatoday.com/telangana-farmers-clash-for-urea-at-pacs-in-thimmapur,Failed to fetch content
"Shooting at Louisville motor vehicle office, three killed",https://telanganatoday.com/shooting-at-louisville-motor-vehicle-office-three-killed,Failed to fetch content
EU Commission president along with top Europe leadership to visit India from Feb 27 to 28,https://telanganatoday.com/eu-commission-president-along-with-top-europe-leadership-to-visit-india-from-feb-27-to-28,Failed to fetch content
Woman gets jail term for attacking a man in courtroom in Kothagudem,https://telanganatoday.com/woman-gets-jail-term-for-attacking-a-man-in-courtroom-in-kothagudem,Failed to fetch content
"Jammu and Kashmir traders urge tourists to avoid liquor, drugs",https://telanganatoday.com/jammu-and-kashmir-traders-urge-tourists-to-avoid-liquor-drugs,Failed to fetch content
Man who tried to kill author Salman Rushdie in New York found guilty of attempted murder,https://telanganatoday.com/man-who-tried-to-kill-author-salman-rushdie-in-new-york-found-guilty-of-attempted-murder,Failed to fetch content
"Language row: Don’t throw stones at beehive, Tamil Nadu Chief Minister MK Stalin tells Dharmendra Pradhan",https://telanganatoday.com/language-row-dont-throw-stones-at-beehive-tamil-nadu-chief-minister-mk-stalin-tells-dharmendra-pradhan,Failed to fetch content
Centre to help red chilli farmers in Andhra Pradesh under MIS; ICAR to assess crop damage,https://telanganatoday.com/centre-to-help-red-chilli-farmers-in-andhra-pradesh-under-mis-icar-to-assess-crop-damage,Failed to fetch content
Hyderabad: Top virtual career events for women not to miss this February,https://telanganatoday.com/hyderabad-top-virtual-career-events-for-women-not-to-miss-this-february,Failed to fetch content
Art therapy conducted for cancer patients at Star Hospitals in Hyderabad,https://telanganatoday.com/art-therapy-conducted-for-cancer-patients-at-star-hospitals-in-hyderabad,Failed to fetch content
Hyderabad: Special run ‘Racefor7’ for rare diseases to be held on February 23,https://telanganatoday.com/hyderabad-special-run-racefor7-for-rare-diseases-to-be-held-on-february-23,Failed to fetch content
"Hyderabad: 26 cases registered over illegal extraction, transportation of sand",https://telanganatoday.com/hyderabad-26-cases-registered-over-illegal-extraction-transportation-of-sand,Failed to fetch content
Sculpting Voids – A solo exhibition to be held from February 22 in Hyderabad,https://telanganatoday.com/sculpting-voids-a-solo-exhibition-to-be-held-from-february-22-in-hyderabad,Failed to fetch content
Telangana: Karimnagar Dairy’s milk chilling centre seized in Sircilla,https://telanganatoday.com/telangana-karimnagar-dairys-milk-chilling-centre-seized-in-sircilla,Failed to fetch content
Telangana: ‘Wild boar hunters’ electrocuted in Nizamabad,https://telanganatoday.com/telangana-wild-boar-hunters-electrocuted-in-nizamabad,Failed to fetch content
Harish Rao blames Congress government for failure to protect Telangana’s water rights,https://telanganatoday.com/harish-rao-blames-congress-government-for-failure-to-protect-telanganas-water-rights,Failed to fetch content
Hyderabad: Major hospitals struggle with severe shortage of senior doctors,https://telanganatoday.com/hyderabad-major-hospitals-struggle-with-severe-shortage-of-senior-doctors,Failed to fetch content
"Snoring surgery: Kin of deceased attack doctors, hospital in Telangana’s Sangareddy",https://telanganatoday.com/snoring-surgery-kin-of-deceased-attack-doctors-hospital-in-telanganas-sangareddy,Failed to fetch content
Top virtual career events not to miss this February,https://telanganatoday.com/top-virtual-career-events-not-to-miss-this-february,Failed to fetch content
This abbey in Belgium brews beers,https://telanganatoday.com/this-abbey-in-belgium-brews-beers,Failed to fetch content
Telangana: Snoring surgery goes wrong as man dies in Sangareddy,https://telanganatoday.com/telangana-snoring-surgery-goes-wrong-as-man-dies-in-sangareddy,Failed to fetch content
Congress government faces flak for spending Rs.22 lakh in two days to defend turncoat MLAs in court,https://telanganatoday.com/congress-government-faces-flak-for-spending-rs-22-lakh-in-two-days-to-defend-turncoat-mlas-in-court,Failed to fetch content
"Alarming situation at Srisailam Dam, says Telangana; Warns NDSA of potential catastrophe",https://telanganatoday.com/alarming-situation-at-srisailam-dam-says-telangana-warns-ndsa-of-potential-catastrophe,Failed to fetch content
Telangana High Court refuses to quash FIR against former MLA,https://telanganatoday.com/telangana-high-court-refuses-to-quash-fir-against-former-mla,Failed to fetch content
Two techies injured after car crashes into stationary truck in Hyderabad’s Kokapet,https://telanganatoday.com/two-techies-injured-after-car-crashes-into-stationary-truck-in-hyderabads-kokapet,Failed to fetch content
Telangana presents case as KWDT-II commences final arguments,https://telanganatoday.com/telangana-presents-case-as-kwdt-ii-commences-final-arguments,Failed to fetch content
Cyber Security SHIELD 2025 concludes in Hyderabad,https://telanganatoday.com/cyber-security-shield-2025-concludes-in-hyderabad,Failed to fetch content
Telangana HC seeks State government report on food in government hostels,https://telanganatoday.com/telangana-hc-seeks-state-government-report-on-food-in-government-hostels,Failed to fetch content
"Pharma Samprathi, TARA-2K25 of Nalla Narasimha Reddy Education Society begins in Hyderabad",https://telanganatoday.com/pharma-samprathi-tara-2k25-of-nalla-narasimha-reddy-education-society-begins-in-hyderabad,Failed to fetch content
Telangana: Karimnagar farmers demand water from Narayanpur Reservoir to save crops,https://telanganatoday.com/telangana-karimnagar-farmers-demand-water-from-narayanpur-reservoir-to-save-crops,Failed to fetch content
Hyderabad: Three arrested for drug peddling; 160 kg marijuana seized,https://telanganatoday.com/hyderabad-three-arrested-for-drug-peddling-160-kg-marijuana-seized,Failed to fetch content
Telangana: Five-month-old baby among two killed in road accident in Choutuppal,https://telanganatoday.com/telangana-five-month-old-baby-among-two-killed-in-road-accident-in-choutuppal,Failed to fetch content
"Horoscope: Check out what the stars are predicting for you today on February 22, 2025",https://telanganatoday.com/horoscope-check-out-what-the-stars-are-predicting-for-you-today-on-february-22-2025,Failed to fetch content
PM Narendra Modi to be guest of honour in Mauritius 57th National Day celebrations,https://telanganatoday.com/pm-narendra-modi-to-be-guest-of-honour-in-mauritius-57th-national-day-celebrations,Failed to fetch content
Telangana: Farmers clash for urea at PACS in Thimmapur,https://telanganatoday.com/telangana-farmers-clash-for-urea-at-pacs-in-thimmapur,Failed to fetch content
"Shooting at Louisville motor vehicle office, three killed",https://telanganatoday.com/shooting-at-louisville-motor-vehicle-office-three-killed,Failed to fetch content
EU Commission president along with top Europe leadership to visit India from Feb 27 to 28,https://telanganatoday.com/eu-commission-president-along-with-top-europe-leadership-to-visit-india-from-feb-27-to-28,Failed to fetch content
Woman gets jail term for attacking a man in courtroom in Kothagudem,https://telanganatoday.com/woman-gets-jail-term-for-attacking-a-man-in-courtroom-in-kothagudem,Failed to fetch content
"Jammu and Kashmir traders urge tourists to avoid liquor, drugs",https://telanganatoday.com/jammu-and-kashmir-traders-urge-tourists-to-avoid-liquor-drugs,Failed to fetch content
Man who tried to kill author Salman Rushdie in New York found guilty of attempted murder,https://telanganatoday.com/man-who-tried-to-kill-author-salman-rushdie-in-new-york-found-guilty-of-attempted-murder,Failed to fetch content
"Chandrababu Naidu, allies trying to control Telangana affairs, warns KCR",https://telanganatoday.com/chandrababu-naidu-allies-trying-to-control-telangana-affairs-warns-kcr,Failed to fetch content
Phone tapping case: Setback for police as Telangana High Court suspends investigation,https://telanganatoday.com/phone-tapping-case-setback-for-police-as-telangana-high-court-suspends-investigation,Failed to fetch content
Hyderabad: Grandson of dead industrialist says he never treated him like a family member,https://telanganatoday.com/hyderabad-grandson-of-dead-industrialist-says-he-never-treated-him-like-a-family-member,Failed to fetch content
ISL 2024-25: Hyderabad FC hold Mumbai City FC to goalless draw,https://telanganatoday.com/isl-2024-25-hyderabad-fc-hold-mumbai-city-fc-to-goalless-draw,Failed to fetch content
Telangana attracted investment proposals worth Rs 3.25 lakh crore in three years: Study,https://telanganatoday.com/telangana-attracted-investment-proposals-worth-rs-3-25-lakh-crore-in-3-years-study,Failed to fetch content
Man arrested for selling sand illegally in Hyderabad,https://telanganatoday.com/man-arrested-for-selling-sand-illegally-in-hyderabad,Failed to fetch content
"BRS declares war against Congress, announces massive public movements on issues plaguing Telangana",https://telanganatoday.com/brs-declares-war-against-congress-announces-massive-public-movements-on-issues-plaguing-telangana,Failed to fetch content
"NDSA report on Kaleshwaram by Feb-end, says Jal Shakti Minister",https://telanganatoday.com/ndsa-report-on-kaleshwaram-by-feb-end-says-jal-shakti-minister,Failed to fetch content
Cyber fraudsters dupe elderly man of Rs 45 lakh in Hyderabad,https://telanganatoday.com/cyber-fraudsters-dupe-elderly-man-of-rs-45-lakh-in-hyderabad,Failed to fetch content
Hyderabad: Telangana to host 72nd Miss World beauty pageant,https://telanganatoday.com/hyderabad-telangana-to-host-72nd-miss-world-beauty-pageant,Failed to fetch content
Dairy farmers dump milk on road in protest at Yacharam,https://telanganatoday.com/dairy-farmers-dump-milk-on-road-in-protest-at-yacharam,Failed to fetch content
"I-League 2024-25: Angel Orelien, David Castaneda power Sreenidi Deccan to 2-1 win over Rajasthan United",https://telanganatoday.com/i-league-2024-25-angel-orelien-david-castaneda-power-sreenidi-deccan-to-2-1-win-over-rajasthan-united,Failed to fetch content
"These hair loss meds can cost you your libido, warn dermatologists in Hyderabad",https://telanganatoday.com/these-hair-loss-meds-can-cost-you-your-libido-warn-dermatologists-in-hyderabad,Failed to fetch content
Three arrested for kidnapping two-year-old from pavement in Hyderbad,https://telanganatoday.com/three-arrested-for-kidnapping-two-year-old-from-pavement-in-hyderbad,Failed to fetch content
Southern Travels receives VETA Travel Award-2025,https://telanganatoday.com/southern-travels-receives-veta-travel-award-2025,Failed to fetch content
Bikers roar across Hyderabad with modified silencers,https://telanganatoday.com/bikers-roar-across-hyderabad-with-modified-silencers,Failed to fetch content
Hyderabad: ISB study on attitudes towards AI for TB diagnosis gets mixed reactions,https://telanganatoday.com/hyderabad-isb-study-on-attitudes-towards-ai-for-tb-diagnosis-gets-mixed-reactions,Failed to fetch content
Hyderabad: Governor Jishnu Dev Varma launches three-day international conference at EFLU,https://telanganatoday.com/hyderabad-governor-jishnu-dev-varma-launches-three-day-international-conference-at-eflu,Failed to fetch content
Erstwhile Karimnagar district set to play vital role in MLC polls,https://telanganatoday.com/erstwhile-karimnagar-district-set-to-play-vital-role-in-mlc-polls,Failed to fetch content
Telangana SWRDC physical director bags award,https://telanganatoday.com/telangana-swrdc-physical-director-bags-award,Failed to fetch content
"Centre okays Rs 1,554.99 crore flood relief to five States",https://telanganatoday.com/centre-okays-rs-1554-99-crore-flood-relief-to-five-states,Failed to fetch content
Senior advocate dies of heart attack at bank in Secunderabad,https://telanganatoday.com/senior-advocate-dies-of-heart-attack-at-bank-in-secunderabad,Failed to fetch content
"KCR confident of BRS returning to power in Telangana, calls for renewed agitation to save State",https://telanganatoday.com/brs-supremo-confident-of-returning-to-power-calls-for-renewed-agitation-to-save-telangana,Failed to fetch content
Hyderabad: Youth sentenced to one year rigorous imprisonment for sexually harassing minor,https://telanganatoday.com/hyderabad-youth-sentenced-to-one-year-rigorous-imprisonment-for-sexually-harassing-minor,Failed to fetch content
Telangana: Farmers clash for urea at PACS in Thimmapur,https://telanganatoday.com/telangana-farmers-clash-for-urea-at-pacs-in-thimmapur,Failed to fetch content
"Shooting at Louisville motor vehicle office, three killed",https://telanganatoday.com/shooting-at-louisville-motor-vehicle-office-three-killed,Failed to fetch content
EU Commission president along with top Europe leadership to visit India from Feb 27 to 28,https://telanganatoday.com/eu-commission-president-along-with-top-europe-leadership-to-visit-india-from-feb-27-to-28,Failed to fetch content
Woman gets jail term for attacking a man in courtroom in Kothagudem,https://telanganatoday.com/woman-gets-jail-term-for-attacking-a-man-in-courtroom-in-kothagudem,Failed to fetch content
"Jammu and Kashmir traders urge tourists to avoid liquor, drugs",https://telanganatoday.com/jammu-and-kashmir-traders-urge-tourists-to-avoid-liquor-drugs,Failed to fetch content
Man who tried to kill author Salman Rushdie in New York found guilty of attempted murder,https://telanganatoday.com/man-who-tried-to-kill-author-salman-rushdie-in-new-york-found-guilty-of-attempted-murder,Failed to fetch content
"Language row: Don’t throw stones at beehive, Tamil Nadu Chief Minister MK Stalin tells Dharmendra Pradhan",https://telanganatoday.com/language-row-dont-throw-stones-at-beehive-tamil-nadu-chief-minister-mk-stalin-tells-dharmendra-pradhan,Failed to fetch content
Centre to help red chilli farmers in Andhra Pradesh under MIS; ICAR to assess crop damage,https://telanganatoday.com/centre-to-help-red-chilli-farmers-in-andhra-pradesh-under-mis-icar-to-assess-crop-damage,Failed to fetch content
Hyderabad: Osmania University students develop IoT-based solution to prevent sewage hazards,https://telanganatoday.com/hyderabad-osmania-university-students-develop-iot-based-solution-to-prevent-sewage-hazards,Failed to fetch content
Daily wage worker from Odisha caught smuggling marijuana at Secunderabad,https://telanganatoday.com/daily-wage-worker-from-odisha-caught-smuggling-marijuana-at-secunderabad,Failed to fetch content
15-member delegation of Queensland’s top researchers to take part in Bio Asia 2025,https://telanganatoday.com/15-member-delegation-of-queenslands-top-researchers-to-take-part-in-bio-asia-2025,Failed to fetch content
"KCR chairs BRS executive meeting, charts path for party’s future",https://telanganatoday.com/kcr-chairs-brs-executive-meeting-charts-path-for-partys-future,Failed to fetch content
"Telangana inter exams get high-tech overhaul: QR codes, unique numbers to secure question papers",https://telanganatoday.com/telangana-inter-exams-get-high-tech-overhaul-qr-codes-unique-numbers-to-secure-question-papers,Failed to fetch content
Unusual hot spell grips Telangana in February,https://telanganatoday.com/unusual-hot-spell-grips-telangana-in-february,Failed to fetch content
Tea stall shut down for displaying KTR’s photo in Sircilla; Collector faces backlash,https://telanganatoday.com/tea-stall-shut-down-for-displaying-ktrs-photo-in-sircilla-collector-faces-backlash,Failed to fetch content
"Telangana man lives 21 years with pen cap in lung, undergoes successful surgery",https://telanganatoday.com/telangana-man-lives-21-years-with-pen-cap-in-lung-undergoes-successful-surgery,Failed to fetch content
What is the actual construction cost of new Telangana High Court?,https://telanganatoday.com/what-is-the-actual-construction-cost-of-new-telangana-high-court,Failed to fetch content
"What are the new FASTag rules, in force now",https://telanganatoday.com/what-are-the-new-fastag-rules,Failed to fetch content
Hyderabad: Two students injured in road mishap,https://telanganatoday.com/hyderabad-two-students-injured-in-road-mishap,Failed to fetch content
"TSDCA raids unlicensed godown in Uppal, seizes illegal drugs worth Rs 6.7 lakh",https://telanganatoday.com/tsdca-raids-unlicensed-godown-in-uppal-seizes-illegal-drugs-worth-rs-6-7-lakh,Failed to fetch content
Unidentified man illegally enters TGICCC during CM Revanth Reddy’s meeting; Police launches probe,https://telanganatoday.com/unidentified-man-illegally-enters-tgiccc-during-cm-revanth-reddys-meeting-police-launches-probe,Failed to fetch content
"Shabbir Ali accuses BJP MPs of distorting facts, misleading people",https://telanganatoday.com/shabbir-ali-accuses-bjp-mps-of-distorting-facts-misleading-people,Failed to fetch content
South Central Railway issues advisory for rail passengers,https://telanganatoday.com/south-central-railway-issues-advisory-for-rail-passengers,Failed to fetch content
Hyderabad: Punjab National Bank opens new branch at Shankarpally,https://telanganatoday.com/hyderabad-punjab-national-bank-opens-new-branch-at-shankarpally,Failed to fetch content
Reddy Jagruthi Sangam demands action against Teenmaar Mallanna,https://telanganatoday.com/reddy-jagruthi-sangam-demands-action-against-teenmaar-mallanna,Failed to fetch content
Hyderabad North West emerge dominant market: CREDAI report,https://telanganatoday.com/hyderabad-north-west-emerge-dominant-market-credai-report,Failed to fetch content
Seven persons arrested for theft in Hyderabad,https://telanganatoday.com/seven-persons-arrested-for-theft-in-hyderabad,Failed to fetch content
Goa casino controversy: Congress MLA Rajgopal Reddy’s personal assistant responds,https://telanganatoday.com/goa-casino-controversy-congress-mla-rajgopal-reddys-personal-assistant-responds,Failed to fetch content
Watch: Two TGSRTC buses gutted at Kushaiguda depot in Hyderabad,https://telanganatoday.com/watch-two-tgsrtc-buses-gutted-at-kushaiguda-depot-in-hyderabad,Failed to fetch content
Government must see challenges as opportunities to innovate: KT Rama Rao,https://telanganatoday.com/government-must-see-challenges-as-opportunities-to-innovate-kt-rama-rao,Failed to fetch content
GHMC Commissioner inspects land acquisition for flyover from Golnaka to Amberpet,https://telanganatoday.com/ghmc-commissioner-inspects-land-acquisition-for-flyover-from-golnaka-to-amberpet,Failed to fetch content
"Now, Jupally Krishna Rao forgets Chief Minister’s name, says CM KTR!",https://telanganatoday.com/now-jupally-krishna-rao-forgets-chief-ministers-name-says-cm-ktr,Failed to fetch content
"Horoscope: Check out what the stars are predicting for you today on February 22, 2025",https://telanganatoday.com/horoscope-check-out-what-the-stars-are-predicting-for-you-today-on-february-22-2025,Failed to fetch content
PM Narendra Modi to be guest of honour in Mauritius 57th National Day celebrations,https://telanganatoday.com/pm-narendra-modi-to-be-guest-of-honour-in-mauritius-57th-national-day-celebrations,Failed to fetch content
Telangana: Farmers clash for urea at PACS in Thimmapur,https://telanganatoday.com/telangana-farmers-clash-for-urea-at-pacs-in-thimmapur,Failed to fetch content
"Shooting at Louisville motor vehicle office, three killed",https://telanganatoday.com/shooting-at-louisville-motor-vehicle-office-three-killed,Failed to fetch content
EU Commission president along with top Europe leadership to visit India from Feb 27 to 28,https://telanganatoday.com/eu-commission-president-along-with-top-europe-leadership-to-visit-india-from-feb-27-to-28,Failed to fetch content
Woman gets jail term for attacking a man in courtroom in Kothagudem,https://telanganatoday.com/woman-gets-jail-term-for-attacking-a-man-in-courtroom-in-kothagudem,Failed to fetch content
"Jammu and Kashmir traders urge tourists to avoid liquor, drugs",https://telanganatoday.com/jammu-and-kashmir-traders-urge-tourists-to-avoid-liquor-drugs,Failed to fetch content
Man who tried to kill author Salman Rushdie in New York found guilty of attempted murder,https://telanganatoday.com/man-who-tried-to-kill-author-salman-rushdie-in-new-york-found-guilty-of-attempted-murder,Failed to fetch content
"Telangana thrived under BRS regime, acknowledges State Statistical Abstract",https://telanganatoday.com/telangana-thrived-under-brs-regime-acknowledges-state-statistical-abstract,Failed to fetch content
Woman cheated on pretext of updating KYC in Hyderabad; Robbed of Rs.1.7 lakh,https://telanganatoday.com/woman-cheated-on-pretext-of-updating-kyc-in-hyderabad-robbed-of-rs-1-7-lakh,Failed to fetch content
Illegally transported sand seized in Hyderabad,https://telanganatoday.com/illegally-transported-sand-seized-in-hyderabad,Failed to fetch content
Drug peddler arrested in Hyderabad; 3.5 kg of ganja seized,https://telanganatoday.com/drug-peddler-arrested-in-hyderabad-3-5-kg-of-ganja-seized,Failed to fetch content
Priyanka Arul Mohan unveils Pattu Cheera Collections at Xiti Weaves,https://telanganatoday.com/priyanka-arul-mohan-unveils-pattu-cheera-collections-at-xiti-weaves,Failed to fetch content
Mega procession to be taken out on Chatrapathi Shivaji Jayanthi in Hyderabad,https://telanganatoday.com/mega-procession-to-be-taken-out-on-chatrapathi-shivaji-jayanthi-in-hyderabad,Failed to fetch content
Hyderabad: Teenager girl electrocuted to death in Balapur,https://telanganatoday.com/hyderabad-teenager-girl-electrocuted-to-death-in-balapur,Failed to fetch content
Vijay Deverakonda takes holy dip at Maha Kumbh,https://telanganatoday.com/vijay-deverakonda-takes-holy-dip-at-maha-kumbh,Failed to fetch content
Police nabs three-member gang for automobile thefts in Hyderabad,https://telanganatoday.com/police-nabs-three-member-gang-for-automobile-thefts-in-hyderabad,Failed to fetch content
Headmistress suspended for allowing KCR’s birthday celebrations in Hyderabad school,https://telanganatoday.com/headmistress-suspended-for-allowing-kcrs-birthday-celebrations-in-hyderabad-school,Failed to fetch content
"BJP, Shiv Sena slam Telangana govt for alleged appeasement",https://telanganatoday.com/bjp-shiv-sena-slam-telangana-govt-for-alleged-appeasement,Failed to fetch content
Hyderabad real estate market continues to decline in 2025,https://telanganatoday.com/hyderabad-real-estate-market-continues-to-decline-in-2025,Failed to fetch content
"Hyderabad: Fake certificate racket busted, six nabbed",https://telanganatoday.com/hyderabad-fake-certificate-racket-busted-six-nabbed,Failed to fetch content
"Telangana to soon launch Cyber Security policy, says IT Minister Sridhar Babu",https://telanganatoday.com/telangana-to-soon-launch-cyber-security-policy-says-it-minister-sridhar-babu,Failed to fetch content
Prof. Kishen Kumar Reddy appointed as Vice Chancellor of JNTU-Hyderabad for three years,https://telanganatoday.com/prof-kishen-kumar-reddy-appointed-as-vice-chancellor-of-jntu-hyderabad-for-three-years,Failed to fetch content
"Amidst the Maha Kumbh fervour, high fecal coliform levels raise concerns in Prayagraj: CPCB Report",https://telanganatoday.com/amidst-the-maha-kumbh-fervour-high-fecal-coliform-levels-raise-concerns-in-prayagraj-cpcb-report,Failed to fetch content
Senior advocate dies of heart attack in Telangana High Court,https://telanganatoday.com/senior-advocate-dies-of-heart-attack-in-telangana-high-court,Failed to fetch content
Hyderabad: Unidentified man mowed down by train in Mailardevpally,https://telanganatoday.com/hyderabad-unidentified-man-mowed-down-by-train-in-mailardevpally,Failed to fetch content
Hyderabad: Uttar Dakshin Concert to be held at JNAFAU on March 1,https://telanganatoday.com/hyderabad-uttar-dakshin-concert-to-be-held-at-jnafau-on-march-1,Failed to fetch content
Hyderabad: Inter-collegiate E-BAJA 2025 from February 20 at BVRIT,https://telanganatoday.com/hyderabad-inter-collegiate-e-baja-2025-from-february-20-at-bvrit,Failed to fetch content
Car driver hits Sub-Inspector during drunk drive in Nizamabad,https://telanganatoday.com/car-driver-hits-sub-inspector-during-drunk-drive-in-nizamabad,Failed to fetch content
Hyderabad: Man found dead under suspicious circumstances in Ghatkesar,https://telanganatoday.com/hyderabad-man-found-dead-under-suspiciois-circumstances-in-ghatkesar,Failed to fetch content
Courier company aircraft from Chennai faces landing gear problem at Hyderabad airport,https://telanganatoday.com/courier-company-aircraft-from-chennai-faces-landing-gear-problem-at-hyderabad-airport,Failed to fetch content
Woxsen University to establish Regional Behavioural Research Hub for Aviation Innovation,https://telanganatoday.com/woxsen-university-to-establish-regional-behavioural-research-hub-for-aviation-innovation,Failed to fetch content
"Horoscope: Check out what the stars are predicting for you today on February 22, 2025",https://telanganatoday.com/horoscope-check-out-what-the-stars-are-predicting-for-you-today-on-february-22-2025,Failed to fetch content
PM Narendra Modi to be guest of honour in Mauritius 57th National Day celebrations,https://telanganatoday.com/pm-narendra-modi-to-be-guest-of-honour-in-mauritius-57th-national-day-celebrations,Failed to fetch content
Telangana: Farmers clash for urea at PACS in Thimmapur,https://telanganatoday.com/telangana-farmers-clash-for-urea-at-pacs-in-thimmapur,Failed to fetch content
"Shooting at Louisville motor vehicle office, three killed",https://telanganatoday.com/shooting-at-louisville-motor-vehicle-office-three-killed,Failed to fetch content
EU Commission president along with top Europe leadership to visit India from Feb 27 to 28,https://telanganatoday.com/eu-commission-president-along-with-top-europe-leadership-to-visit-india-from-feb-27-to-28,Failed to fetch content
Woman gets jail term for attacking a man in courtroom in Kothagudem,https://telanganatoday.com/woman-gets-jail-term-for-attacking-a-man-in-courtroom-in-kothagudem,Failed to fetch content
"Jammu and Kashmir traders urge tourists to avoid liquor, drugs",https://telanganatoday.com/jammu-and-kashmir-traders-urge-tourists-to-avoid-liquor-drugs,Failed to fetch content
Man who tried to kill author Salman Rushdie in New York found guilty of attempted murder,https://telanganatoday.com/man-who-tried-to-kill-author-salman-rushdie-in-new-york-found-guilty-of-attempted-murder,Failed to fetch content
Man caught for smuggling foreign currency in Hyderabad airport,https://telanganatoday.com/man-caught-for-smuggling-foreign-currency-in-hyderabad-airport,Failed to fetch content
Telangana: Two forest officers in ACB net in Kothagudem,https://telanganatoday.com/telangana-two-forest-officers-in-acb-net-in-kothagudem,Failed to fetch content
"Telangana: Makhtal Circle Inspector, two constables nabbed while accepting bribe to help rape accused",https://telanganatoday.com/telangana-makhtal-circle-inspector-and-two-constables-nabbed-while-accepting-bribe-to-help-rape-accused,Failed to fetch content
Watch: Tension prevails as authorities demolish illegal houses at Jawaharnagar near Hyderabad,https://telanganatoday.com/watch-tension-prevails-as-authorities-demolish-illegal-houses-at-jawaharnagar-near-hyderabad,Failed to fetch content
Telangana: RTC to run special buses during Maha Shivaratri,https://telanganatoday.com/telangana-rtc-to-run-special-buses-during-maha-shivaratri,Failed to fetch content
Hyderabad: Fire breaks out at pan shop in Medipally,https://telanganatoday.com/hyderabad-fire-breaks-out-at-pan-shop-in-medipally,Failed to fetch content
"Hyderabad: After 50 years hiatus, OU to reopen doors for UG education in Arts College",https://telanganatoday.com/hyderabad-after-50-years-hiatus-ou-to-reopen-doors-for-ug-education-in-arts-college,Failed to fetch content
Kavitha slams Congress government over caste survey poor outreach,https://telanganatoday.com/kavitha-slams-congress-government-over-caste-survey-poor-outreach,Failed to fetch content
Telangana: Harish Rao hails State’s historic achievement and 11 years of triumph,https://telanganatoday.com/telangana-harish-rao-hails-states-historic-achievement-and-11-years-of-triumph,Failed to fetch content
Tense moment at Hyderabad airport after plane faces landing gear issue,https://telanganatoday.com/tense-moment-at-hyderabad-airport-after-plane-faces-landing-gear-issue,Failed to fetch content
Mumbai Trust donates Rs 11 crore to Tirumala,https://telanganatoday.com/mumbai-trust-donates-rs-11-crore-to-tirumala,Failed to fetch content
Hyderabad: HMWSSB MD Ashok Reddy inspects zone-3 sewer network project works,https://telanganatoday.com/hyderabad-hmwssb-md-ashok-reddy-inspects-zone-3-sewer-network-project-works,Failed to fetch content
Seminar on ‘How to Crack Civil Services in First Attempt’ held at GNITS,https://telanganatoday.com/seminar-on-how-to-crack-civil-services-in-first-attempt-held-at-gnits,Failed to fetch content
First Bharat Gaurav train to Chardham to commence on May 8,https://telanganatoday.com/first-bharat-gaurav-train-to-chardham-to-commence-on-may-8,Failed to fetch content
Physics workshop conducted at Stanley College in Hyderabad,https://telanganatoday.com/physics-workshop-conducted-at-stanley-college-in-hyderabad,Failed to fetch content
"Telemetry system only solution to prevent AP from utilising excess water, says Revanth Reddy",https://telanganatoday.com/telemetry-system-only-solution-to-prevent-ap-from-utilising-excess-water-says-revanth-reddy,Failed to fetch content
Apollo launches its first Integrated Health Hub in Hyderabad,https://telanganatoday.com/apollo-launches-its-first-integrated-health-hub-in-hyderabad,Failed to fetch content
BC leader will become Telangana chief minister one day: TPCC president,https://telanganatoday.com/bc-leader-will-become-telangana-chief-minister-one-day-tpcc-president,Failed to fetch content
BRS UK unit holds interfaith prayer session to celebrate KCR’s 71st birthday,https://telanganatoday.com/brs-uk-unit-holds-interfaith-prayer-session-to-celebrate-kcrs-71st-birthday,Failed to fetch content
HYDRAA faces wrath of Telangana High Court over demolitions,https://telanganatoday.com/hydraa-faces-wrath-of-telangana-high-court-over-demolitions,Failed to fetch content
Telangana High Court directs government to file response on vacant posts,https://telanganatoday.com/telangana-high-court-directs-government-to-file-response-on-vacant-posts,Failed to fetch content
Telangana High Court tells Balija Kapu organisation not to build on land allotted for community bhavan,https://telanganatoday.com/telangana-high-court-tells-balija-kapu-organisation-not-to-build-on-land-allotted-for-community-bhavan,Failed to fetch content
Hyderabad: 86 roosters seized in cockfighting bust auctioned for Rs. 16.6 lakh,https://telanganatoday.com/hyderabad-86-roosters-seized-in-cockfighting-bust-auctioned-for-rs-16-6-lakh,Failed to fetch content
BRS Australia unit holds tree plantation drive to celebrate K Chandrashekhar Rao’s birthday,https://telanganatoday.com/brs-australia-unit-holds-tree-plantation-drive-to-celebrate-k-chandrashekhar-raos-birthday,Failed to fetch content
"Horoscope: Check out what the stars are predicting for you today on February 22, 2025",https://telanganatoday.com/horoscope-check-out-what-the-stars-are-predicting-for-you-today-on-february-22-2025,Failed to fetch content
PM Narendra Modi to be guest of honour in Mauritius 57th National Day celebrations,https://telanganatoday.com/pm-narendra-modi-to-be-guest-of-honour-in-mauritius-57th-national-day-celebrations,Failed to fetch content
Telangana: Farmers clash for urea at PACS in Thimmapur,https://telanganatoday.com/telangana-farmers-clash-for-urea-at-pacs-in-thimmapur,Failed to fetch content
"Shooting at Louisville motor vehicle office, three killed",https://telanganatoday.com/shooting-at-louisville-motor-vehicle-office-three-killed,Failed to fetch content
EU Commission president along with top Europe leadership to visit India from Feb 27 to 28,https://telanganatoday.com/eu-commission-president-along-with-top-europe-leadership-to-visit-india-from-feb-27-to-28,Failed to fetch content
Woman gets jail term for attacking a man in courtroom in Kothagudem,https://telanganatoday.com/woman-gets-jail-term-for-attacking-a-man-in-courtroom-in-kothagudem,Failed to fetch content
"Jammu and Kashmir traders urge tourists to avoid liquor, drugs",https://telanganatoday.com/jammu-and-kashmir-traders-urge-tourists-to-avoid-liquor-drugs,Failed to fetch content
Man who tried to kill author Salman Rushdie in New York found guilty of attempted murder,https://telanganatoday.com/man-who-tried-to-kill-author-salman-rushdie-in-new-york-found-guilty-of-attempted-murder,Failed to fetch content
Two students arrested for performing stunts in cars on ORR stretch near Shamshabad,https://telanganatoday.com/two-students-arrested-for-performing-stunts-in-cars-on-orr-stretch-near-shamshabad,Failed to fetch content
Hyderabad: Man arrested for duping IT job aspirants in pretext of providing jobs,https://telanganatoday.com/hyderabad-man-arrested-for-duping-it-job-aspirants-in-pretext-of-providing-jobs,Failed to fetch content
Hyderabad: Five suspects arrested in Medchal muder case,https://telanganatoday.com/hyderabad-five-suspects-arrested-in-medchal-muder-case,Failed to fetch content
Royal United Football Club win Salar-e-Millat 7-A-Side football Tournament,https://telanganatoday.com/royal-united-football-club-win-salar-e-millat-7-a-side-football-tournament,Failed to fetch content
Secretary General of Commonwealth Nations Patrcia Scotland visits Heartfulness International School in Hyderabad,https://telanganatoday.com/secretary-general-of-commonwealth-nations-patrcia-scotland-visits-heartfulness-international-school-in-hyderabad,Failed to fetch content
Officials hold coordination meeting ahead of Ramzan in Hyderabad,https://telanganatoday.com/officials-hold-coordination-meeting-ahead-of-ramzan-in-hyderabad,Failed to fetch content
"StockGro, Zomato to empower delivery partners with financial literacy",https://telanganatoday.com/stockgro-zomato-to-empower-delivery-partners-with-financial-literacy,Failed to fetch content
Hyderabad: Police hold meeting with women hostel owners on security measures,https://telanganatoday.com/hyderabad-police-hold-meeting-with-women-hostel-owners-on-security-measures,Failed to fetch content
Telangana Public Service Commission to hold BEd certificate verification on February 18,https://telanganatoday.com/telangana-public-service-commission-to-hold-bed-certificate-verification-on-february-18,Failed to fetch content
"23-year-old loses money to online games, ends life in Hyderabad’s Madhapur",https://telanganatoday.com/23-year-old-loses-money-to-online-games-ends-life-in-hyderabads-madhapur,Failed to fetch content
Telangana Public Service Commission releases general ranking list for CDPO posts,https://telanganatoday.com/telangana-public-service-commission-releases-general-ranking-list-for-cdpo-posts,Failed to fetch content
Hyderabad: Multi-Level Marketing fraudsters target women and job aspirants,https://telanganatoday.com/hyderabad-multi-level-marketing-fraudsters-target-women-and-job-aspirants,Failed to fetch content
Telangana allows muslim employees to leave early for Ramzan prayers,https://telanganatoday.com/telangana-allows-muslim-employees-to-leave-early-for-ramzan-prayers,Failed to fetch content
"Trains on certain routes from Secunderabad cancelled, rescheduled due to traffic blocks",https://telanganatoday.com/trains-on-certain-routes-from-secunderabad-cancelled-rescheduled-due-to-traffic-blocks,Failed to fetch content
Congress and BJP clash over caste amid Telangana’s budget setback,https://telanganatoday.com/congress-and-bjp-clash-over-caste-amid-telanganas-budget-setback,Failed to fetch content
"Once a calm suburb, Gachibowli emerges as Hyderabad’s noisiest area",https://telanganatoday.com/once-a-calm-suburb-gachibowli-emerges-as-hyderabads-noisiest-area,Failed to fetch content
Hyderabad: SHIELD25 to discuss AI as a weapon for exploitation and strategies to fight back,https://telanganatoday.com/hyderabad-shield25-to-discuss-ai-as-a-weapon-for-exploitation-and-strategies-to-fight-back,Failed to fetch content
KTR calls for 60 lakh BRS soldiers to bring KCR back as CM,https://telanganatoday.com/ktr-calls-for-60-lakh-brs-soldiers-to-bring-kcr-back-as-cm,Failed to fetch content
Telangana: 10 per cent discount on buses between Hyderabad and Bengaluru,https://telanganatoday.com/telangana-10-per-cent-discount-on-buses-between-hyderabad-and-bengaluru,Failed to fetch content
Tension in Hyderabad as GHMC removes KCR birthday flex posters; officials cite “Govt orders”,https://telanganatoday.com/tension-in-hyderabad-as-ghmc-removes-kcr-birthday-flex-posters-officials-cite-govt-orders,Failed to fetch content
BRS celebrates KCR’s 71st birthday with grand festivities across Telangana and abroad,https://telanganatoday.com/brs-celebrates-kcrs-71st-birthday-with-grand-festivities-across-telangana-and-abroad,Failed to fetch content
"Hyderabad police busts high-end party, one tests positive for drugs in Jubilee Hills raid",https://telanganatoday.com/hyderabad-pub-raided-in-jubilee-hills,Failed to fetch content
Two die as RTC bus knocks down two-wheeler in Telangana’s Sangareddy,https://telanganatoday.com/two-die-as-rtc-bus-knocks-down-two-wheeler-in-telanganas-sangareddy,Failed to fetch content
Two feared dead after drowning in Hyderabad’s Shamirpet lake,https://telanganatoday.com/two-feared-dead-after-drowning-in-hyderabads-shamirpet-lake,Failed to fetch content
Telangana: Farmers clash for urea at PACS in Thimmapur,https://telanganatoday.com/telangana-farmers-clash-for-urea-at-pacs-in-thimmapur,Failed to fetch content
"Shooting at Louisville motor vehicle office, three killed",https://telanganatoday.com/shooting-at-louisville-motor-vehicle-office-three-killed,Failed to fetch content
EU Commission president along with top Europe leadership to visit India from Feb 27 to 28,https://telanganatoday.com/eu-commission-president-along-with-top-europe-leadership-to-visit-india-from-feb-27-to-28,Failed to fetch content
Woman gets jail term for attacking a man in courtroom in Kothagudem,https://telanganatoday.com/woman-gets-jail-term-for-attacking-a-man-in-courtroom-in-kothagudem,Failed to fetch content
"Jammu and Kashmir traders urge tourists to avoid liquor, drugs",https://telanganatoday.com/jammu-and-kashmir-traders-urge-tourists-to-avoid-liquor-drugs,Failed to fetch content
Man who tried to kill author Salman Rushdie in New York found guilty of attempted murder,https://telanganatoday.com/man-who-tried-to-kill-author-salman-rushdie-in-new-york-found-guilty-of-attempted-murder,Failed to fetch content
"Language row: Don’t throw stones at beehive, Tamil Nadu Chief Minister MK Stalin tells Dharmendra Pradhan",https://telanganatoday.com/language-row-dont-throw-stones-at-beehive-tamil-nadu-chief-minister-mk-stalin-tells-dharmendra-pradhan,Failed to fetch content
Centre to help red chilli farmers in Andhra Pradesh under MIS; ICAR to assess crop damage,https://telanganatoday.com/centre-to-help-red-chilli-farmers-in-andhra-pradesh-under-mis-icar-to-assess-crop-damage,Failed to fetch content
447 farmers ended their lives in Telangana since Congress returned to power,https://telanganatoday.com/447-farmers-ended-their-lives-in-telangana-since-congress-returned-to-power,Failed to fetch content
Hyderabad: Cyberabad traffic police caught 290 persons for drunk driving,https://telanganatoday.com/hyderabad-cyberabad-traffic-police-caught-290-persons-for-drunk-driving,Failed to fetch content
GHMC Commissioner Ilambarithi inspects site for H-CITI works,https://telanganatoday.com/ghmc-commissioner-ilambarithi-inspects-site-for-h-citi-works,Failed to fetch content
Telangana government employees get restless over pending demands,https://telanganatoday.com/telangana-government-employees-get-restless-over-pending-demands,Failed to fetch content
Two arrested for drug peddling; six kilogram ganja seized,https://telanganatoday.com/two-arrested-for-drug-peddling-six-kilogram-ganja-seized,Failed to fetch content
Two arrested in Hyderabad for duping investors in Rs 850-cr Ponzi scheme,https://telanganatoday.com/two-arrested-in-hyderabad-for-duping-investors-in-rs-850-cr-ponzi-scheme,Failed to fetch content
Telangana: Bucket system in UG education comes under fire,https://telanganatoday.com/telangana-bucket-system-in-ug-education-comes-under-fire,Failed to fetch content
Microsoft ‘s new free tool OmniParser V2 gives more power to large language models (LLMs),https://telanganatoday.com/microsoft-s-new-free-tool-omniparser-v2-gives-more-power-to-large-language-models-llms,Failed to fetch content
Two persons killed in different road accidents in Hyderabad,https://telanganatoday.com/two-persons-killed-in-different-road-accidents-in-hyderabad-2,Failed to fetch content
Waste picker murdered by friend in Hyderabad’s old city,https://telanganatoday.com/waste-picker-murdered-by-friend-in-hyderabads-old-city,Failed to fetch content
Hyderabad MS Society marks India MS Day with awareness walk,https://telanganatoday.com/hyderabad-ms-society-marks-india-ms-day-with-awareness-walk,Failed to fetch content
KTR hits out at Telangana Congress for failing to stop Andhra Pradesh from diverting Krishna water,https://telanganatoday.com/ktr-hits-out-at-telangana-congress-for-failing-to-stop-andhra-pradesh-from-diverting-krishna-water,Failed to fetch content
"Survey work progresses on Hyderabad Metro’s JBS–Medchal, JBS–Shamirpet corridors",https://telanganatoday.com/survey-work-progresses-on-hyderabad-metros-jbs-medchal-jbs-shamirpet-corridors,Failed to fetch content
Nigerian deported to his country by Hyderabad police,https://telanganatoday.com/nigerian-deported-to-his-country-by-hyderabad-police,Failed to fetch content
Hyderabad: Three arrested for selling drugs at Uppal,https://telanganatoday.com/hyderabad-three-arrested-for-selling-drugs-at-uppal,Failed to fetch content
Telangana leads India in combined representation by marginalised communities in rural local bodies,https://telanganatoday.com/telangana-leads-india-in-combined-representation-by-marginalised-communities-in-rural-local-bodies,Failed to fetch content
KTR to address Tech & Innovation Summit (TIS) 2025 in Bengaluru,https://telanganatoday.com/ktr-to-address-tech-innovation-summit-tis-2025-in-bengaluru,Failed to fetch content
Three rare Kalyana Chalukya-Era kannada inscriptions discovered in Vikarabad,https://telanganatoday.com/three-rare-kalyana-chalukya-era-kannada-inscriptions-discovered-in-vikarabad,Failed to fetch content
Telangana: Man found murdered in Ameenpur,https://telanganatoday.com/telangana-man-found-murdered-in-ameenpur,Failed to fetch content
Bird flu outbreak: How safe is it to eat chicken and eggs,https://telanganatoday.com/bird-flu-outbreak-how-safe-is-it-to-eat-chicken-and-eggs,Failed to fetch content
KTR criticises Congress government for neglecting Telangana Gurukuls,https://telanganatoday.com/ktr-criticises-congress-government-for-neglecting-telangana-gurukuls,Failed to fetch content
"Telangana: KTR, Harish Rao, Kavitha express sorrow over New Delhi Railway Station stampede",https://telanganatoday.com/telangana-ktr-harish-rao-kavitha-express-sorrow-over-new-delhi-railway-station-stampede,Failed to fetch content
WhatsApp rolls out new chat themes feature,https://telanganatoday.com/whatsapp-rolls-out-new-chat-themes-feature,Failed to fetch content
"Owaisi demands judicial probe into New Delhi railway station stampede, blames Govt mismanagement",https://telanganatoday.com/owaisi-demands-judicial-probe-into-new-delhi-railway-station-stampede-blames-govt-mismanagement,Failed to fetch content
"Horoscope: Check out what the stars are predicting for you today on February 22, 2025",https://telanganatoday.com/horoscope-check-out-what-the-stars-are-predicting-for-you-today-on-february-22-2025,Failed to fetch content
PM Narendra Modi to be guest of honour in Mauritius 57th National Day celebrations,https://telanganatoday.com/pm-narendra-modi-to-be-guest-of-honour-in-mauritius-57th-national-day-celebrations,Failed to fetch content
Telangana: Farmers clash for urea at PACS in Thimmapur,https://telanganatoday.com/telangana-farmers-clash-for-urea-at-pacs-in-thimmapur,Failed to fetch content
"Shooting at Louisville motor vehicle office, three killed",https://telanganatoday.com/shooting-at-louisville-motor-vehicle-office-three-killed,Failed to fetch content
EU Commission president along with top Europe leadership to visit India from Feb 27 to 28,https://telanganatoday.com/eu-commission-president-along-with-top-europe-leadership-to-visit-india-from-feb-27-to-28,Failed to fetch content
Woman gets jail term for attacking a man in courtroom in Kothagudem,https://telanganatoday.com/woman-gets-jail-term-for-attacking-a-man-in-courtroom-in-kothagudem,Failed to fetch content
"Jammu and Kashmir traders urge tourists to avoid liquor, drugs",https://telanganatoday.com/jammu-and-kashmir-traders-urge-tourists-to-avoid-liquor-drugs,Failed to fetch content
Man who tried to kill author Salman Rushdie in New York found guilty of attempted murder,https://telanganatoday.com/man-who-tried-to-kill-author-salman-rushdie-in-new-york-found-guilty-of-attempted-murder,Failed to fetch content
More From The Hans India,https://www.thehansindia.com/latest-news,Live
More From The Hans India,https://www.thehansindia.com/latest-news,Live
More From The Hans India,https://www.thehansindia.com/latest-news,Live
More From The Hans India,https://www.thehansindia.com/latest-news,Live
More From The Hans India,https://www.thehansindia.com/latest-news,Live
More From The Hans India,https://www.thehansindia.com/latest-news,Live
More From The Hans India,https://www.thehansindia.com/latest-news,Live
More From The Hans India,https://www.thehansindia.com/latest-news,Live
More From The Hans India,https://www.thehansindia.com/latest-news,Live
More From The Hans India,https://www.thehansindia.com/latest-news,Live
